subscription_type,revenue,percentage
monthly_classic,28280154.888,27.03910679128879
monthly_premium,29013102.191999998,27.739889389677337
annual_classic,18140748.145,17.34465841184855
annual_premium,18141352.887000002,17.34523661531257
daily,11014468.417000003,10.531108791872777
