year,revenue
2020,9248511.410001699
2021,15230765.46003394
2022,10750979.780060912
2023,9273408.620054113
2024,10008870.54003133
2025,9749041.230022714
