{
  "demand_forecast": {
    "ensemble_mae": 7.726762416311307,
    "ensemble_rmse": 18.67399339387985,
    "ensemble_mape": 1.9334189246820475,
    "ensemble_r2": 0.9991946001495399
  },
  "data_statistics": {
    "total_records": 29770159,
    "hourly_intervals": 46960,
    "classification_samples": 498427
  },
  "user_classification": {
    "best_model": "LightGBM",
    "roc_auc": 0.7104741832376558,
    "accuracy": 0.6497803101739462
  }
}